EventType;Timestamp;KeyCode;KeySymbol;DummyMouseX;DummyMouseY;SessionTag
KeyDown;1789235372754;16;Shift;419;405;SESS_1
KeyDown;1789235372790;66;B;515;413;SESS_1
KeyUp;1789235372877;66;B;418;302;SESS_1
KeyUp;1789235372930;16;Shift;554;312;SESS_1
KeyDown;1789235373054;65;A;362;464;SESS_1
KeyUp;1789235373139;65;A;513;228;SESS_1
KeyDown;1789235373148;68;D;469;462;SESS_1
KeyUp;1789235373239;68;D;577;397;SESS_1
KeyDown;1789235373249;65;A;485;437;SESS_1
KeyUp;1789235373331;65;A;347;232;SESS_1
KeyDown;1789235373453;78;N;459;369;SESS_1
KeyUp;1789235373517;78;N;408;254;SESS_1
KeyDown;1789235373621;73;I;316;371;SESS_1
KeyUp;1789235373709;73;I;574;210;SESS_1
KeyDown;1789235373816;65;A;469;411;SESS_1
KeyDown;1789235373906;32;Space;566;414;SESS_1
KeyUp;1789235373934;65;A;365;201;SESS_1
KeyUp;1789235373981;32;Space;568;452;SESS_1
KeyDown;1789235374034;16;Shift;586;452;SESS_1
KeyDown;1789235374096;68;D;547;415;SESS_1
KeyUp;1789235374172;68;D;593;371;SESS_1
KeyUp;1789235374219;16;Shift;459;315;SESS_1
KeyDown;1789235374357;89;Y;365;315;SESS_1
KeyUp;1789235374462;89;Y;307;414;SESS_1
KeyDown;1789235374518;78;N;493;425;SESS_1
KeyDown;1789235374606;65;A;464;317;SESS_1
KeyUp;1789235374634;78;N;501;394;SESS_1
KeyUp;1789235374684;65;A;368;444;SESS_1
KeyDown;1789235374764;77;M;403;459;SESS_1
KeyUp;1789235374875;77;M;317;259;SESS_1
KeyDown;1789235374981;73;I;435;227;SESS_1
KeyUp;1789235375072;73;I;503;342;SESS_1
KeyDown;1789235375172;75;K;504;326;SESS_1
KeyUp;1789235375240;75;K;563;213;SESS_1
KeyDown;1789235375369;73;I;427;264;SESS_1
KeyUp;1789235375471;73;I;511;338;SESS_1
KeyDown;1789235375497;32;Space;494;342;SESS_1
KeyUp;1789235375558;32;Space;516;406;SESS_1
KeyDown;1789235375687;16;Shift;592;363;SESS_1
KeyDown;1789235375755;80;P;535;441;SESS_1
KeyUp;1789235375868;80;P;522;439;SESS_1
KeyUp;1789235375916;16;Shift;423;499;SESS_1
KeyDown;1789235376005;73;I;466;470;SESS_1
KeyDown;1789235376107;83;S;399;458;SESS_1
KeyUp;1789235376133;73;I;331;263;SESS_1
KeyUp;1789235376232;83;S;507;370;SESS_1
KeyDown;1789235376278;65;A;311;236;SESS_1
KeyUp;1789235376339;65;A;320;270;SESS_1
KeyDown;1789235376413;78;N;436;378;SESS_1
KeyDown;1789235376517;73;I;317;206;SESS_1
KeyUp;1789235376535;78;N;537;409;SESS_1
KeyUp;1789235376579;73;I;352;213;SESS_1
KeyDown;1789235376620;65;A;332;294;SESS_1
KeyUp;1789235376726;65;A;391;337;SESS_1
KeyDown;1789235376735;32;Space;398;299;SESS_1
KeyUp;1789235376822;32;Space;520;409;SESS_1
KeyDown;1789235376915;16;Shift;477;451;SESS_1
KeyDown;1789235376972;78;N;473;432;SESS_1
KeyUp;1789235377083;78;N;450;486;SESS_1
KeyUp;1789235377141;16;Shift;523;496;SESS_1
KeyDown;1789235377306;65;A;483;215;SESS_1
KeyUp;1789235377384;65;A;593;441;SESS_1
KeyDown;1789235377464;32;Space;352;479;SESS_1
KeyUp;1789235377560;32;Space;534;214;SESS_1
KeyDown;1789235377678;16;Shift;461;301;SESS_1
KeyDown;1789235377722;75;K;483;362;SESS_1
KeyUp;1789235377818;75;K;400;363;SESS_1
KeyUp;1789235377842;16;Shift;587;349;SESS_1
KeyDown;1789235378011;76;L;387;446;SESS_1
KeyUp;1789235378099;76;L;405;377;SESS_1
KeyDown;1789235378103;65;A;393;491;SESS_1
KeyUp;1789235378179;65;A;483;491;SESS_1
KeyDown;1789235378319;87;W;301;445;SESS_1
KeyUp;1789235378400;87;W;580;214;SESS_1
KeyDown;1789235378485;73;I;431;402;SESS_1
KeyUp;1789235378605;73;I;314;471;SESS_1
KeyDown;1789235378651;65;A;400;360;SESS_1
KeyUp;1789235378773;65;A;357;444;SESS_1
KeyDown;1789235378849;84;T;562;494;SESS_1
KeyUp;1789235378955;84;T;548;441;SESS_1
KeyDown;1789235379057;85;U;320;266;SESS_1
KeyUp;1789235379133;85;U;582;228;SESS_1
KeyDown;1789235379268;82;R;528;437;SESS_1
KeyUp;1789235379343;82;R;579;403;SESS_1
KeyDown;1789235379422;90;Z;526;267;SESS_1
KeyUp;1789235379499;90;Z;508;474;SESS_1
KeyDown;1789235379634;69;E;473;249;SESS_1
KeyUp;1789235379719;69;E;524;472;SESS_1
KeyDown;1789235379752;32;Space;537;250;SESS_1
KeyUp;1789235379864;32;Space;316;250;SESS_1
KeyDown;1789235379867;16;Shift;552;327;SESS_1
KeyDown;1789235379922;75;K;526;376;SESS_1
KeyUp;1789235380007;75;K;536;343;SESS_1
KeyUp;1789235380053;16;Shift;412;386;SESS_1
KeyDown;1789235380178;16;Shift;406;403;SESS_1
KeyDown;1789235380218;68;D;402;470;SESS_1
KeyUp;1789235380281;68;D;512;410;SESS_1
KeyUp;1789235380303;16;Shift;432;464;SESS_1
KeyDown;1789235380451;16;Shift;595;304;SESS_1
KeyDown;1789235380489;65;A;581;457;SESS_1
KeyUp;1789235380603;65;A;448;487;SESS_1
KeyUp;1789235380627;16;Shift;454;355;SESS_1
KeyDown;1789235380722;32;Space;374;236;SESS_1
KeyUp;1789235380825;32;Space;417;317;SESS_1
KeyDown;1789235380938;50;2;481;272;SESS_1
KeyUp;1789235381007;50;2;495;200;SESS_1
KeyDown;1789235381104;48;0;475;376;SESS_1
KeyUp;1789235381187;48;0;432;331;SESS_1
KeyDown;1789235381223;50;2;599;494;SESS_1
KeyUp;1789235381351;50;2;355;413;SESS_1
KeyDown;1789235381355;54;6;411;356;SESS_1
KeyUp;1789235381435;54;6;446;204;SESS_1
KeyDown;1789235383967;16;Shift;560;356;SESS_2
KeyDown;1789235383997;66;B;561;340;SESS_2
KeyUp;1789235384096;66;B;509;415;SESS_2
KeyUp;1789235384123;16;Shift;469;316;SESS_2
KeyDown;1789235384284;65;A;564;293;SESS_2
KeyUp;1789235384373;65;A;496;323;SESS_2
KeyDown;1789235384467;68;D;588;250;SESS_2
KeyUp;1789235384538;68;D;336;384;SESS_2
KeyDown;1789235384656;65;A;440;272;SESS_2
KeyUp;1789235384722;65;A;372;311;SESS_2
KeyDown;1789235384845;78;N;348;397;SESS_2
KeyUp;1789235384925;78;N;434;488;SESS_2
KeyDown;1789235384982;73;I;505;210;SESS_2
KeyUp;1789235385083;73;I;327;385;SESS_2
KeyDown;1789235385168;65;A;467;325;SESS_2
KeyUp;1789235385230;65;A;368;433;SESS_2
KeyDown;1789235385355;32;Space;524;316;SESS_2
KeyUp;1789235385445;32;Space;514;452;SESS_2
KeyDown;1789235385574;16;Shift;470;453;SESS_2
KeyDown;1789235385610;68;D;524;357;SESS_2
KeyUp;1789235385674;68;D;547;352;SESS_2
KeyUp;1789235385701;16;Shift;460;422;SESS_2
KeyDown;1789235385821;89;Y;557;219;SESS_2
KeyUp;1789235385900;89;Y;596;499;SESS_2
KeyDown;1789235386028;78;N;417;374;SESS_2
KeyUp;1789235386130;78;N;352;350;SESS_2
KeyDown;1789235386174;65;A;346;218;SESS_2
KeyUp;1789235386260;65;A;392;286;SESS_2
KeyDown;1789235386288;77;M;396;458;SESS_2
KeyDown;1789235386388;73;I;581;253;SESS_2
KeyUp;1789235386410;77;M;305;367;SESS_2
KeyUp;1789235386462;73;I;508;248;SESS_2
KeyDown;1789235386602;75;K;511;386;SESS_2
KeyUp;1789235386706;75;K;376;493;SESS_2
KeyDown;1789235386771;73;I;374;234;SESS_2
KeyUp;1789235386854;73;I;446;405;SESS_2
KeyDown;1789235386918;32;Space;382;388;SESS_2
KeyUp;1789235387019;32;Space;506;350;SESS_2
KeyDown;1789235387091;20;CapsLock;350;250;SESS_2
KeyUp;1789235387159;20;CapsLock;351;251;SESS_2
KeyDown;1789235387219;80;P;360;260;SESS_2
KeyUp;1789235387311;80;P;361;261;SESS_2
KeyDown;1789235387448;20;CapsLock;350;250;SESS_2
KeyUp;1789235387525;20;CapsLock;351;251;SESS_2
KeyDown;1789235387660;73;I;562;302;SESS_2
KeyUp;1789235387749;73;I;500;325;SESS_2
KeyDown;1789235387824;83;S;308;423;SESS_2
KeyUp;1789235387949;83;S;493;400;SESS_2
KeyDown;1789235387965;65;A;403;443;SESS_2
KeyUp;1789235388093;65;A;431;391;SESS_2
KeyDown;1789235388146;78;N;531;217;SESS_2
KeyUp;1789235388211;78;N;348;288;SESS_2
KeyDown;1789235388356;73;I;485;443;SESS_2
KeyUp;1789235388431;73;I;444;419;SESS_2
KeyDown;1789235388501;65;A;543;486;SESS_2
KeyUp;1789235388611;65;A;373;319;SESS_2
KeyDown;1789235388663;32;Space;504;402;SESS_2
KeyUp;1789235388728;32;Space;464;445;SESS_2
KeyDown;1789235388814;16;Shift;558;315;SESS_2
KeyDown;1789235388855;78;N;567;446;SESS_2
KeyUp;1789235388940;78;N;440;336;SESS_2
KeyUp;1789235388977;16;Shift;506;337;SESS_2
KeyDown;1789235389066;65;A;396;445;SESS_2
KeyUp;1789235389194;65;A;411;462;SESS_2
KeyDown;1789235389271;32;Space;495;201;SESS_2
KeyUp;1789235389380;32;Space;366;432;SESS_2
KeyDown;1789235389380;16;Shift;557;318;SESS_2
KeyDown;1789235389440;75;K;481;449;SESS_2
KeyUp;1789235389559;75;K;407;397;SESS_2
KeyUp;1789235389597;16;Shift;414;359;SESS_2
KeyDown;1789235389691;76;L;486;365;SESS_2
KeyUp;1789235389764;76;L;576;387;SESS_2
KeyDown;1789235389864;65;A;329;393;SESS_2
KeyUp;1789235389929;65;A;425;356;SESS_2
KeyDown;1789235390041;87;W;452;321;SESS_2
KeyUp;1789235390106;87;W;532;421;SESS_2
KeyDown;1789235390176;73;I;356;345;SESS_2
KeyUp;1789235390265;73;I;467;203;SESS_2
KeyDown;1789235390290;65;A;324;475;SESS_2
KeyUp;1789235390380;65;A;326;451;SESS_2
KeyDown;1789235390480;84;T;393;347;SESS_2
KeyUp;1789235390555;84;T;562;419;SESS_2
KeyDown;1789235390571;85;U;311;289;SESS_2
KeyUp;1789235390641;85;U;422;380;SESS_2
KeyDown;1789235390668;82;R;496;237;SESS_2
KeyUp;1789235390732;82;R;435;361;SESS_2
KeyDown;1789235390863;90;Z;324;463;SESS_2
KeyUp;1789235390976;90;Z;502;319;SESS_2
KeyDown;1789235391021;69;E;393;492;SESS_2
KeyUp;1789235391150;69;E;436;357;SESS_2
KeyDown;1789235391174;32;Space;499;299;SESS_2
KeyUp;1789235391245;32;Space;452;395;SESS_2
KeyDown;1789235391367;16;Shift;544;376;SESS_2
KeyDown;1789235391415;75;K;534;438;SESS_2
KeyUp;1789235391531;75;K;421;335;SESS_2
KeyUp;1789235391577;16;Shift;493;364;SESS_2
KeyDown;1789235391743;16;Shift;549;389;SESS_2
KeyDown;1789235391774;68;D;462;473;SESS_2
KeyUp;1789235391872;68;D;455;318;SESS_2
KeyUp;1789235391929;16;Shift;565;333;SESS_2
KeyDown;1789235392094;16;Shift;520;300;SESS_2
KeyDown;1789235392155;65;A;506;413;SESS_2
KeyUp;1789235392255;65;A;571;395;SESS_2
KeyUp;1789235392309;16;Shift;451;405;SESS_2
KeyDown;1789235392405;32;Space;515;431;SESS_2
KeyUp;1789235392484;32;Space;576;322;SESS_2
KeyDown;1789235392622;50;2;536;247;SESS_2
KeyUp;1789235392698;50;2;446;360;SESS_2
KeyDown;1789235392751;48;0;336;435;SESS_2
KeyUp;1789235392863;48;0;414;418;SESS_2
KeyDown;1789235392914;50;2;478;392;SESS_2
KeyUp;1789235393039;50;2;405;336;SESS_2
KeyDown;1789235393084;54;6;381;465;SESS_2
KeyUp;1789235393183;54;6;311;278;SESS_2
KeyDown;1789235395434;16;Shift;446;370;SESS_3
KeyDown;1789235395464;66;B;420;485;SESS_3
KeyUp;1789235395571;66;B;571;482;SESS_3
KeyUp;1789235395599;16;Shift;462;431;SESS_3
KeyDown;1789235395681;65;A;551;273;SESS_3
KeyUp;1789235395760;65;A;548;211;SESS_3
KeyDown;1789235395805;68;D;557;334;SESS_3
KeyUp;1789235395905;68;D;570;213;SESS_3
KeyDown;1789235396018;65;A;411;200;SESS_3
KeyUp;1789235396114;65;A;321;346;SESS_3
KeyDown;1789235396171;78;N;479;449;SESS_3
KeyUp;1789235396294;78;N;583;331;SESS_3
KeyDown;1789235396346;73;I;359;471;SESS_3
KeyUp;1789235396440;73;I;445;256;SESS_3
KeyDown;1789235396499;65;A;444;484;SESS_3
KeyUp;1789235396607;65;A;473;265;SESS_3
KeyDown;1789235396610;32;Space;560;363;SESS_3
KeyUp;1789235396698;32;Space;452;345;SESS_3
KeyDown;1789235396815;20;CapsLock;350;250;SESS_3
KeyUp;1789235396889;20;CapsLock;351;251;SESS_3
KeyDown;1789235396975;68;D;360;260;SESS_3
KeyUp;1789235397075;68;D;361;261;SESS_3
KeyDown;1789235397173;20;CapsLock;350;250;SESS_3
KeyUp;1789235397225;20;CapsLock;351;251;SESS_3
KeyDown;1789235397364;89;Y;408;380;SESS_3
KeyDown;1789235397464;78;N;537;460;SESS_3
KeyUp;1789235397492;89;Y;369;425;SESS_3
KeyUp;1789235397527;78;N;336;209;SESS_3
KeyDown;1789235397635;65;A;582;342;SESS_3
KeyUp;1789235397716;65;A;538;258;SESS_3
KeyDown;1789235397794;77;M;428;334;SESS_3
KeyUp;1789235397915;77;M;525;422;SESS_3
KeyDown;1789235397933;73;I;515;240;SESS_3
KeyDown;1789235398039;75;K;503;436;SESS_3
KeyUp;1789235398045;73;I;329;461;SESS_3
KeyDown;1789235398158;73;I;340;489;SESS_3
KeyUp;1789235398159;75;K;389;233;SESS_3
KeyUp;1789235398229;73;I;392;388;SESS_3
KeyDown;1789235398255;32;Space;463;246;SESS_3
KeyUp;1789235398378;32;Space;473;322;SESS_3
KeyDown;1789235398424;16;Shift;533;355;SESS_3
KeyDown;1789235398465;80;P;570;383;SESS_3
KeyUp;1789235398550;80;P;457;316;SESS_3
KeyUp;1789235398585;16;Shift;527;421;SESS_3
KeyDown;1789235398738;73;I;382;311;SESS_3
KeyUp;1789235398838;73;I;582;480;SESS_3
KeyDown;1789235398904;83;S;571;443;SESS_3
KeyUp;1789235399003;83;S;497;482;SESS_3
KeyDown;1789235399063;65;A;540;280;SESS_3
KeyUp;1789235399176;65;A;541;430;SESS_3
KeyDown;1789235399270;78;N;418;322;SESS_3
KeyUp;1789235399396;78;N;457;323;SESS_3
KeyDown;1789235399452;73;I;550;366;SESS_3
KeyDown;1789235399556;65;A;442;360;SESS_3
KeyUp;1789235399574;73;I;420;330;SESS_3
KeyUp;1789235399623;65;A;312;417;SESS_3
KeyDown;1789235399701;32;Space;317;475;SESS_3
KeyUp;1789235399828;32;Space;550;290;SESS_3
KeyDown;1789235399913;20;CapsLock;350;250;SESS_3
KeyUp;1789235399986;20;CapsLock;351;251;SESS_3
KeyDown;1789235400086;78;N;360;260;SESS_3
KeyUp;1789235400189;78;N;361;261;SESS_3
KeyDown;1789235400253;20;CapsLock;350;250;SESS_3
KeyUp;1789235400308;20;CapsLock;351;251;SESS_3
KeyDown;1789235400403;65;A;399;358;SESS_3
KeyUp;1789235400531;65;A;425;422;SESS_3
KeyDown;1789235400535;32;Space;375;485;SESS_3
KeyUp;1789235400625;32;Space;585;377;SESS_3
KeyDown;1789235400658;16;Shift;539;420;SESS_3
KeyDown;1789235400690;75;K;578;330;SESS_3
KeyUp;1789235400792;75;K;405;308;SESS_3
KeyUp;1789235400839;16;Shift;504;309;SESS_3
KeyDown;1789235401008;76;L;404;212;SESS_3
KeyUp;1789235401089;76;L;310;282;SESS_3
KeyDown;1789235401160;65;A;433;279;SESS_3
KeyDown;1789235401263;87;W;499;311;SESS_3
KeyUp;1789235401267;65;A;544;444;SESS_3
KeyUp;1789235401377;87;W;397;258;SESS_3
KeyDown;1789235401380;73;I;425;202;SESS_3
KeyUp;1789235401457;73;I;318;277;SESS_3
KeyDown;1789235401469;65;A;367;385;SESS_3
KeyUp;1789235401557;65;A;559;307;SESS_3
KeyDown;1789235401683;84;T;504;374;SESS_3
KeyUp;1789235401779;84;T;442;298;SESS_3
KeyDown;1789235401783;85;U;473;319;SESS_3
KeyDown;1789235401865;82;R;556;350;SESS_3
KeyUp;1789235401871;85;U;468;439;SESS_3
KeyUp;1789235401966;82;R;555;339;SESS_3
KeyDown;1789235402015;90;Z;542;496;SESS_3
KeyUp;1789235402107;90;Z;487;234;SESS_3
KeyDown;1789235402174;69;E;320;467;SESS_3
KeyDown;1789235402280;32;Space;357;270;SESS_3
KeyUp;1789235402301;69;E;573;398;SESS_3
KeyUp;1789235402383;32;Space;333;291;SESS_3
KeyDown;1789235402413;16;Shift;554;449;SESS_3
KeyDown;1789235402474;75;K;539;321;SESS_3
KeyUp;1789235402585;75;K;524;355;SESS_3
KeyUp;1789235402643;16;Shift;488;342;SESS_3
KeyDown;1789235402792;20;CapsLock;350;250;SESS_3
KeyUp;1789235402842;20;CapsLock;351;251;SESS_3
KeyDown;1789235402951;68;D;360;260;SESS_3
KeyUp;1789235403015;68;D;361;261;SESS_3
KeyDown;1789235403112;20;CapsLock;350;250;SESS_3
KeyUp;1789235403178;20;CapsLock;351;251;SESS_3
KeyDown;1789235403264;16;Shift;564;370;SESS_3
KeyDown;1789235403298;65;A;570;430;SESS_3
KeyUp;1789235403360;65;A;415;451;SESS_3
KeyUp;1789235403415;16;Shift;555;498;SESS_3
KeyDown;1789235403576;32;Space;555;478;SESS_3
KeyUp;1789235403694;32;Space;443;330;SESS_3
KeyDown;1789235403733;50;2;303;482;SESS_3
KeyUp;1789235403825;50;2;519;471;SESS_3
KeyDown;1789235403917;48;0;583;411;SESS_3
KeyUp;1789235403990;48;0;479;253;SESS_3
KeyDown;1789235404023;50;2;419;495;SESS_3
KeyUp;1789235404115;50;2;461;287;SESS_3
KeyDown;1789235404226;54;6;511;485;SESS_3
KeyUp;1789235404341;54;6;490;442;SESS_3
KeyDown;1789235407069;20;CapsLock;350;250;SESS_4
KeyUp;1789235407125;20;CapsLock;351;251;SESS_4
KeyDown;1789235407207;66;B;360;260;SESS_4
KeyUp;1789235407316;66;B;361;261;SESS_4
KeyDown;1789235407388;20;CapsLock;350;250;SESS_4
KeyUp;1789235407450;20;CapsLock;351;251;SESS_4
KeyDown;1789235407622;65;A;593;488;SESS_4
KeyUp;1789235407705;65;A;574;426;SESS_4
KeyDown;1789235407722;68;D;313;234;SESS_4
KeyUp;1789235407836;68;D;452;296;SESS_4
KeyDown;1789235407839;65;A;427;382;SESS_4
KeyUp;1789235407925;65;A;306;212;SESS_4
KeyDown;1789235408057;78;N;410;234;SESS_4
KeyUp;1789235408150;78;N;468;379;SESS_4
KeyDown;1789235408242;73;I;584;318;SESS_4
KeyUp;1789235408340;73;I;340;431;SESS_4
KeyDown;1789235408457;65;A;328;419;SESS_4
KeyUp;1789235408529;65;A;507;299;SESS_4
KeyDown;1789235408597;32;Space;531;490;SESS_4
KeyUp;1789235408667;32;Space;593;429;SESS_4
KeyDown;1789235408744;16;Shift;451;318;SESS_4
KeyDown;1789235408796;68;D;405;434;SESS_4
KeyUp;1789235408870;68;D;595;309;SESS_4
KeyUp;1789235408906;16;Shift;492;401;SESS_4
KeyDown;1789235409075;89;Y;340;436;SESS_4
KeyUp;1789235409139;89;Y;338;357;SESS_4
KeyDown;1789235409159;78;N;523;346;SESS_4
KeyUp;1789235409257;78;N;335;261;SESS_4
KeyDown;1789235409306;65;A;398;254;SESS_4
KeyUp;1789235409398;65;A;401;308;SESS_4
KeyDown;1789235409425;77;M;567;487;SESS_4
KeyUp;1789235409542;77;M;379;268;SESS_4
KeyDown;1789235409557;73;I;454;385;SESS_4
KeyUp;1789235409662;73;I;344;387;SESS_4
KeyDown;1789235409672;75;K;489;466;SESS_4
KeyUp;1789235409789;75;K;529;215;SESS_4
KeyDown;1789235409888;73;I;313;227;SESS_4
KeyUp;1789235409962;73;I;500;208;SESS_4
KeyDown;1789235410085;32;Space;319;218;SESS_4
KeyUp;1789235410185;32;Space;555;332;SESS_4
KeyDown;1789235410194;20;CapsLock;350;250;SESS_4
KeyUp;1789235410282;20;CapsLock;351;251;SESS_4
KeyDown;1789235410347;80;P;360;260;SESS_4
KeyUp;1789235410434;80;P;361;261;SESS_4
KeyDown;1789235410566;20;CapsLock;350;250;SESS_4
KeyUp;1789235410632;20;CapsLock;351;251;SESS_4
KeyDown;1789235410805;73;I;324;484;SESS_4
KeyUp;1789235410912;73;I;392;228;SESS_4
KeyDown;1789235410983;83;S;320;475;SESS_4
KeyUp;1789235411059;83;S;415;235;SESS_4
KeyDown;1789235411094;65;A;547;238;SESS_4
KeyUp;1789235411212;65;A;355;289;SESS_4
KeyDown;1789235411302;78;N;357;306;SESS_4
KeyUp;1789235411377;78;N;357;309;SESS_4
KeyDown;1789235411497;73;I;595;346;SESS_4
KeyUp;1789235411576;73;I;476;422;SESS_4
KeyDown;1789235411639;65;A;521;409;SESS_4
KeyDown;1789235411761;32;Space;565;215;SESS_4
KeyUp;1789235411768;65;A;565;247;SESS_4
KeyUp;1789235411859;32;Space;321;274;SESS_4
KeyDown;1789235411920;20;CapsLock;350;250;SESS_4
KeyUp;1789235412001;20;CapsLock;351;251;SESS_4
KeyDown;1789235412078;78;N;360;260;SESS_4
KeyUp;1789235412146;78;N;361;261;SESS_4
KeyDown;1789235412272;20;CapsLock;350;250;SESS_4
KeyUp;1789235412359;20;CapsLock;351;251;SESS_4
KeyDown;1789235412463;65;A;427;388;SESS_4
KeyUp;1789235412565;65;A;571;393;SESS_4
KeyDown;1789235412575;32;Space;439;461;SESS_4
KeyUp;1789235412684;32;Space;422;492;SESS_4
KeyDown;1789235412720;16;Shift;470;398;SESS_4
KeyDown;1789235412783;75;K;483;346;SESS_4
KeyUp;1789235412877;75;K;584;440;SESS_4
KeyUp;1789235412916;16;Shift;538;352;SESS_4
KeyDown;1789235412996;76;L;438;243;SESS_4
KeyUp;1789235413070;76;L;468;443;SESS_4
KeyDown;1789235413157;65;A;542;275;SESS_4
KeyDown;1789235413243;87;W;590;400;SESS_4
KeyUp;1789235413253;65;A;483;224;SESS_4
KeyUp;1789235413364;87;W;510;427;SESS_4
KeyDown;1789235413412;73;I;585;476;SESS_4
KeyUp;1789235413521;73;I;506;261;SESS_4
KeyDown;1789235413614;65;A;505;458;SESS_4
KeyUp;1789235413713;65;A;351;273;SESS_4
KeyDown;1789235413814;84;T;520;484;SESS_4
KeyUp;1789235413877;84;T;303;255;SESS_4
KeyDown;1789235413982;85;U;388;279;SESS_4
KeyUp;1789235414074;85;U;374;240;SESS_4
KeyDown;1789235414139;82;R;534;228;SESS_4
KeyDown;1789235414233;90;Z;452;454;SESS_4
KeyUp;1789235414240;82;R;309;290;SESS_4
KeyDown;1789235414319;69;E;358;219;SESS_4
KeyUp;1789235414329;90;Z;513;415;SESS_4
KeyUp;1789235414382;69;E;448;264;SESS_4
KeyDown;1789235414496;32;Space;331;365;SESS_4
KeyUp;1789235414609;32;Space;325;301;SESS_4
KeyDown;1789235414662;16;Shift;571;406;SESS_4
KeyDown;1789235414714;75;K;494;329;SESS_4
KeyUp;1789235414828;75;K;466;361;SESS_4
KeyUp;1789235414867;16;Shift;563;371;SESS_4
KeyDown;1789235414955;16;Shift;587;456;SESS_4
KeyDown;1789235415011;68;D;469;469;SESS_4
KeyUp;1789235415113;68;D;492;361;SESS_4
KeyUp;1789235415155;16;Shift;584;425;SESS_4
KeyDown;1789235415243;16;Shift;547;404;SESS_4
KeyDown;1789235415274;65;A;438;468;SESS_4
KeyUp;1789235415351;65;A;536;315;SESS_4
KeyUp;1789235415388;16;Shift;438;467;SESS_4
KeyDown;1789235415585;32;Space;389;281;SESS_4
KeyUp;1789235415653;32;Space;321;466;SESS_4
KeyDown;1789235415679;50;2;434;352;SESS_4
KeyDown;1789235415792;48;0;557;476;SESS_4
KeyUp;1789235415802;50;2;492;213;SESS_4
KeyUp;1789235415885;48;0;360;337;SESS_4
KeyDown;1789235415890;50;2;312;299;SESS_4
KeyUp;1789235415991;50;2;494;492;SESS_4
KeyDown;1789235416002;54;6;479;316;SESS_4
KeyUp;1789235416114;54;6;525;443;SESS_4
KeyDown;1789235418769;16;Shift;480;487;SESS_5
KeyDown;1789235418837;66;B;545;477;SESS_5
KeyUp;1789235418955;66;B;555;478;SESS_5
KeyUp;1789235418992;16;Shift;408;306;SESS_5
KeyDown;1789235419185;65;A;465;356;SESS_5
KeyDown;1789235419265;68;D;379;243;SESS_5
KeyUp;1789235419310;65;A;360;456;SESS_5
KeyUp;1789235419354;68;D;403;446;SESS_5
KeyDown;1789235419461;65;A;494;287;SESS_5
KeyDown;1789235419550;78;N;409;419;SESS_5
KeyUp;1789235419588;65;A;587;390;SESS_5
KeyUp;1789235419656;78;N;572;373;SESS_5
KeyDown;1789235419689;73;I;560;484;SESS_5
KeyUp;1789235419795;73;I;481;420;SESS_5
KeyDown;1789235419839;65;A;467;474;SESS_5
KeyUp;1789235419965;65;A;462;321;SESS_5
KeyDown;1789235419994;32;Space;419;274;SESS_5
KeyUp;1789235420073;32;Space;434;476;SESS_5
KeyDown;1789235420080;16;Shift;450;442;SESS_5
KeyDown;1789235420114;68;D;563;468;SESS_5
KeyUp;1789235420187;68;D;511;428;SESS_5
KeyUp;1789235420222;16;Shift;419;467;SESS_5
KeyDown;1789235420409;89;Y;494;229;SESS_5
KeyUp;1789235420511;89;Y;465;269;SESS_5
KeyDown;1789235420541;78;N;353;479;SESS_5
KeyUp;1789235420655;78;N;577;219;SESS_5
KeyDown;1789235420669;65;A;331;317;SESS_5
KeyUp;1789235420751;65;A;500;308;SESS_5
KeyDown;1789235420766;77;M;408;315;SESS_5
KeyDown;1789235420852;73;I;546;421;SESS_5
KeyUp;1789235420867;77;M;373;398;SESS_5
KeyUp;1789235420925;73;I;300;302;SESS_5
KeyDown;1789235421032;75;K;593;424;SESS_5
KeyUp;1789235421119;75;K;473;315;SESS_5
KeyDown;1789235421119;73;I;425;307;SESS_5
KeyUp;1789235421181;73;I;333;378;SESS_5
KeyDown;1789235421321;32;Space;381;329;SESS_5
KeyDown;1789235421415;16;Shift;524;342;SESS_5
KeyUp;1789235421449;32;Space;372;307;SESS_5
KeyDown;1789235421462;80;P;414;355;SESS_5
KeyUp;1789235421568;80;P;535;363;SESS_5
KeyUp;1789235421603;16;Shift;530;367;SESS_5
KeyDown;1789235421692;73;I;500;370;SESS_5
KeyUp;1789235421794;73;I;411;248;SESS_5
KeyDown;1789235421812;83;S;415;373;SESS_5
KeyUp;1789235421922;83;S;527;325;SESS_5
KeyDown;1789235421924;65;A;332;247;SESS_5
KeyUp;1789235421990;65;A;547;325;SESS_5
KeyDown;1789235422095;78;N;515;397;SESS_5
KeyUp;1789235422206;78;N;453;412;SESS_5
KeyDown;1789235422213;73;I;577;283;SESS_5
KeyUp;1789235422283;73;I;599;499;SESS_5
KeyDown;1789235422376;65;A;598;212;SESS_5
KeyDown;1789235422475;32;Space;523;326;SESS_5
KeyUp;1789235422501;65;A;599;454;SESS_5
KeyDown;1789235422589;16;Shift;458;338;SESS_5
KeyUp;1789235422599;32;Space;541;286;SESS_5
KeyDown;1789235422632;78;N;403;396;SESS_5
KeyUp;1789235422729;78;N;542;315;SESS_5
KeyUp;1789235422782;16;Shift;483;362;SESS_5
KeyDown;1789235422940;65;A;447;359;SESS_5
KeyUp;1789235423039;65;A;389;343;SESS_5
KeyDown;1789235423101;32;Space;502;204;SESS_5
KeyDown;1789235423193;16;Shift;497;419;SESS_5
KeyUp;1789235423227;32;Space;523;292;SESS_5
KeyDown;1789235423246;75;K;495;394;SESS_5
KeyUp;1789235423315;75;K;436;412;SESS_5
KeyUp;1789235423342;16;Shift;439;339;SESS_5
KeyDown;1789235423522;76;L;336;214;SESS_5
KeyUp;1789235423614;76;L;310;250;SESS_5
KeyDown;1789235423624;65;A;592;449;SESS_5
KeyUp;1789235423739;65;A;379;214;SESS_5
KeyDown;1789235423795;87;W;525;419;SESS_5
KeyDown;1789235423916;73;I;324;248;SESS_5
KeyUp;1789235423917;87;W;596;276;SESS_5
KeyUp;1789235424045;73;I;449;459;SESS_5
KeyDown;1789235424089;65;A;540;216;SESS_5
KeyUp;1789235424165;65;A;529;293;SESS_5
KeyDown;1789235424228;84;T;366;291;SESS_5
KeyUp;1789235424305;84;T;555;319;SESS_5
KeyDown;1789235424345;85;U;361;258;SESS_5
KeyUp;1789235424438;85;U;553;303;SESS_5
KeyDown;1789235424482;82;R;425;426;SESS_5
KeyUp;1789235424553;82;R;300;287;SESS_5
KeyDown;1789235424594;90;Z;303;487;SESS_5
KeyDown;1789235424675;69;E;577;289;SESS_5
KeyUp;1789235424711;90;Z;330;363;SESS_5
KeyUp;1789235424783;69;E;559;445;SESS_5
KeyDown;1789235424811;32;Space;481;357;SESS_5
KeyUp;1789235424895;32;Space;471;307;SESS_5
KeyDown;1789235425020;16;Shift;437;489;SESS_5
KeyDown;1789235425050;75;K;458;438;SESS_5
KeyUp;1789235425156;75;K;517;397;SESS_5
KeyUp;1789235425190;16;Shift;481;473;SESS_5
KeyDown;1789235425315;16;Shift;563;359;SESS_5
KeyDown;1789235425365;68;D;479;383;SESS_5
KeyUp;1789235425430;68;D;434;347;SESS_5
KeyUp;1789235425452;16;Shift;455;373;SESS_5
KeyDown;1789235425578;16;Shift;565;421;SESS_5
KeyDown;1789235425631;65;A;501;424;SESS_5
KeyUp;1789235425722;65;A;401;420;SESS_5
KeyUp;1789235425781;16;Shift;458;484;SESS_5
KeyDown;1789235425911;32;Space;558;300;SESS_5
KeyUp;1789235425994;32;Space;537;426;SESS_5
KeyDown;1789235426044;50;2;350;279;SESS_5
KeyUp;1789235426127;50;2;510;393;SESS_5
KeyDown;1789235426168;48;0;464;411;SESS_5
KeyUp;1789235426232;48;0;340;256;SESS_5
KeyDown;1789235426286;50;2;349;315;SESS_5
KeyUp;1789235426365;50;2;463;353;SESS_5
KeyDown;1789235426443;54;6;349;434;SESS_5
KeyUp;1789235426534;54;6;528;320;SESS_5
